ANIO,ID_MES,TRANSPORTE,VARIABLE,ID_ENTIDAD,ID_MUNICIPIO,VALOR
1986,"	01",Sistema de Transporte Colectivo Metro,Pasajeros transportados,Ciudad de M√©xico,"	999",110245300
1986,"	02",Sistema de Transporte Colectivo Metro,Pasajeros transportados,Ciudad de M√©xico,"	999",98372400
1986,"	03",Sistema de Transporte Colectivo Metro,Pasajeros transportados,Ciudad de M√©xico,"	999",103989500
1986,"	04",Sistema de Transporte Colectivo Metro,Pasajeros transportados,Ciudad de M√©xico,"	999",112752000
1986,"	05",Sistema de Transporte Colectivo Metro,Pasajeros transportados,Ciudad de M√©xico,"	999",118057300
1986,"	06",Sistema de Transporte Colectivo Metro,Pasajeros transportados,Ciudad de M√©xico,"	999",114735000
1986,"	07",Sistema de Transporte Colectivo Metro,Pasajeros transportados,Ciudad de M√©xico,"	999",124288300
1986,"	08",Sistema de Transporte Colectivo Metro,Pasajeros transportados,Ciudad de M√©xico,"	999",120106400
1986,"	09",Sistema de Transporte Colectivo Metro,Pasajeros transportados,Ciudad de M√©xico,"	999",115131000
1986,"	10",Sistema de Transporte Colectivo Metro,Pasajeros transportados,Ciudad de M√©xico,"	999",120128100
1986,"	11",Sistema de Transporte Colectivo Metro,Pasajeros transportados,Ciudad de M√©xico,"	999",111690000
1986,"	12",Sistema de Transporte Colectivo Metro,Pasajeros transportados,Ciudad de M√©xico,"	999",108927800
1987,"	01",Sistema de Transporte Colectivo Metro,Pasajeros transportados,Ciudad de M√©xico,"	999",115921400
1987,"	02",Sistema de Transporte Colectivo Metro,Pasajeros transportados,Ciudad de M√©xico,"	999",107301600
1987,"	03",Sistema de Transporte Colectivo Metro,Pasajeros transportados,Ciudad de M√©xico,"	999",121811400
1987,"	04",Sistema de Transporte Colectivo Metro,Pasajeros transportados,Ciudad de M√©xico,"	999",109899000
1987,"	05",Sistema de Transporte Colectivo Metro,Pasajeros transportados,Ciudad de M√©xico,"	999",116308900
1987,"	06",Sistema de Transporte Colectivo Metro,Pasajeros transportados,Ciudad de M√©xico,"	999",116592000
1987,"	07",Sistema de Transporte Colectivo Metro,Pasajeros transportados,Ciudad de M√©xico,"	999",120311000
1987,"	08",Sistema de Transporte Colectivo Metro,Pasajeros transportados,Ciudad de M√©xico,"	999",121225500
1987,"	09",Sistema de Transporte Colectivo Metro,Pasajeros transportados,Ciudad de M√©xico,"	999",117294000
1987,"	10",Sistema de Transporte Colectivo Metro,Pasajeros transportados,Ciudad de M√©xico,"	999",125900300
1987,"	11",Sistema de Transporte Colectivo Metro,Pasajeros transportados,Ciudad de M√©xico,"	999",134253000
1987,"	12",Sistema de Transporte Colectivo Metro,Pasajeros transportados,Ciudad de M√©xico,"	999",119474000
1988,"	01",Sistema de Transporte Colectivo Metro,Pasajeros transportados,Ciudad de M√©xico,"	999",120016500
1988,"	02",Sistema de Transporte Colectivo Metro,Pasajeros transportados,Ciudad de M√©xico,"	999",117476100
1988,"	03",Sistema de Transporte Colectivo Metro,Pasajeros transportados,Ciudad de M√©xico,"	999",123736500
1988,"	04",Sistema de Transporte Colectivo Metro,Pasajeros transportados,Ciudad de M√©xico,"	999",116472000
1988,"	05",Sistema de Transporte Colectivo Metro,Pasajeros transportados,Ciudad de M√©xico,"	999",125329900
1988,"	06",Sistema de Transporte Colectivo Metro,Pasajeros transportados,Ciudad de M√©xico,"	999",124140000
1988,"	07",Sistema de Transporte Colectivo Metro,Pasajeros transportados,Ciudad de M√©xico,"	999",122977000
1988,"	08",Sistema de Transporte Colectivo Metro,Pasajeros transportados,Ciudad de M√©xico,"	999",128467100
1988,"	09",Sistema de Transporte Colectivo Metro,Pasajeros transportados,Ciudad de M√©xico,"	999",121293000
1988,"	10",Sistema de Transporte Colectivo Metro,Pasajeros transportados,Ciudad de M√©xico,"	999",128894900
1988,"	11",Sistema de Transporte Colectivo Metro,Pasajeros transportados,Ciudad de M√©xico,"	999",125460000
1988,"	12",Sistema de Transporte Colectivo Metro,Pasajeros transportados,Ciudad de M√©xico,"	999",121799000
1989,"	01",Sistema de Transporte Colectivo Metro,Pasajeros transportados,Ciudad de M√©xico,"	999",129170800
1989,"	02",Sistema de Transporte Colectivo Metro,Pasajeros transportados,Ciudad de M√©xico,"	999",119574000
1989,"	03",Sistema de Transporte Colectivo Metro,Pasajeros transportados,Ciudad de M√©xico,"	999",120521800
1989,"	04",Sistema de Transporte Colectivo Metro,Pasajeros transportados,Ciudad de M√©xico,"	999",125931000
1989,"	05",Sistema de Transporte Colectivo Metro,Pasajeros transportados,Ciudad de M√©xico,"	999",131480300
1989,"	06",Sistema de Transporte Colectivo Metro,Pasajeros transportados,Ciudad de M√©xico,"	999",128697000
1989,"	07",Sistema de Transporte Colectivo Metro,Pasajeros transportados,Ciudad de M√©xico,"	999",132122000
1989,"	08",Sistema de Transporte Colectivo Metro,Pasajeros transportados,Ciudad de M√©xico,"	999",133117100
1989,"	09",Sistema de Transporte Colectivo Metro,Pasajeros transportados,Ciudad de M√©xico,"	999",130683000
1989,"	10",Sistema de Transporte Colectivo Metro,Pasajeros transportados,Ciudad de M√©xico,"	999",135098000
1989,"	11",Sistema de Transporte Colectivo Metro,Pasajeros transportados,Ciudad de M√©xico,"	999",130050000
1989,"	12",Sistema de Transporte Colectivo Metro,Pasajeros transportados,Ciudad de M√©xico,"	999",121802100
1990,"	01",Sistema de Transporte Colectivo Metro,Pasajeros transportados,Ciudad de M√©xico,"	999",128315200
1990,"	02",Sistema de Transporte Colectivo Metro,Pasajeros transportados,Ciudad de M√©xico,"	999",112985600
1990,"	03",Sistema de Transporte Colectivo Metro,Pasajeros transportados,Ciudad de M√©xico,"	999",126669100
1990,"	04",Sistema de Transporte Colectivo Metro,Pasajeros transportados,Ciudad de M√©xico,"	999",109479000
1990,"	05",Sistema de Transporte Colectivo Metro,Pasajeros transportados,Ciudad de M√©xico,"	999",123519500
1990,"	06",Sistema de Transporte Colectivo Metro,Pasajeros transportados,Ciudad de M√©xico,"	999",120504000
1990,"	07",Sistema de Transporte Colectivo Metro,Pasajeros transportados,Ciudad de M√©xico,"	999",124629300
1990,"	08",Sistema de Transporte Colectivo Metro,Pasajeros transportados,Ciudad de M√©xico,"	999",123426500
1990,"	09",Sistema de Transporte Colectivo Metro,Pasajeros transportados,Ciudad de M√©xico,"	999",119637000
1990,"	10",Sistema de Transporte Colectivo Metro,Pasajeros transportados,Ciudad de M√©xico,"	999",125333000
1990,"	11",Sistema de Transporte Colectivo Metro,Pasajeros transportados,Ciudad de M√©xico,"	999",118038000
1990,"	12",Sistema de Transporte Colectivo Metro,Pasajeros transportados,Ciudad de M√©xico,"	999",115143300
1991,"	01",Sistema de Transporte Colectivo Metro,Pasajeros transportados,Ciudad de M√©xico,"	999",123386200
1991,"	02",Sistema de Transporte Colectivo Metro,Pasajeros transportados,Ciudad de M√©xico,"	999",112056000
1991,"	03",Sistema de Transporte Colectivo Metro,Pasajeros transportados,Ciudad de M√©xico,"	999",114005600
1991,"	04",Sistema de Transporte Colectivo Metro,Pasajeros transportados,Ciudad de M√©xico,"	999",119988000
1991,"	05",Sistema de Transporte Colectivo Metro,Pasajeros transportados,Ciudad de M√©xico,"	999",122784800
1991,"	06",Sistema de Transporte Colectivo Metro,Pasajeros transportados,Ciudad de M√©xico,"	999",117450000
1991,"	07",Sistema de Transporte Colectivo Metro,Pasajeros transportados,Ciudad de M√©xico,"	999",123745800
1991,"	08",Sistema de Transporte Colectivo Metro,Pasajeros transportados,Ciudad de M√©xico,"	999",122856100
1991,"	09",Sistema de Transporte Colectivo Metro,Pasajeros transportados,Ciudad de M√©xico,"	999",118245000
1991,"	10",Sistema de Transporte Colectivo Metro,Pasajeros transportados,Ciudad de M√©xico,"	999",126941900
1991,"	11",Sistema de Transporte Colectivo Metro,Pasajeros transportados,Ciudad de M√©xico,"	999",118530000
1991,"	12",Sistema de Transporte Colectivo Metro,Pasajeros transportados,Ciudad de M√©xico,"	999",113565400
1992,"	01",Sistema de Transporte Colectivo Metro,Pasajeros transportados,Ciudad de M√©xico,"	999",118978000
1992,"	02",Sistema de Transporte Colectivo Metro,Pasajeros transportados,Ciudad de M√©xico,"	999",116087000
1992,"	03",Sistema de Transporte Colectivo Metro,Pasajeros transportados,Ciudad de M√©xico,"	999",126656700
1992,"	04",Sistema de Transporte Colectivo Metro,Pasajeros transportados,Ciudad de M√©xico,"	999",112341000
1992,"	05",Sistema de Transporte Colectivo Metro,Pasajeros transportados,Ciudad de M√©xico,"	999",119793300
1992,"	06",Sistema de Transporte Colectivo Metro,Pasajeros transportados,Ciudad de M√©xico,"	999",122292000
1992,"	07",Sistema de Transporte Colectivo Metro,Pasajeros transportados,Ciudad de M√©xico,"	999",124003100
1992,"	08",Sistema de Transporte Colectivo Metro,Pasajeros transportados,Ciudad de M√©xico,"	999",119715800
1992,"	09",Sistema de Transporte Colectivo Metro,Pasajeros transportados,Ciudad de M√©xico,"	999",118263000
1992,"	10",Sistema de Transporte Colectivo Metro,Pasajeros transportados,Ciudad de M√©xico,"	999",124468100
1992,"	11",Sistema de Transporte Colectivo Metro,Pasajeros transportados,Ciudad de M√©xico,"	999",117009000
1992,"	12",Sistema de Transporte Colectivo Metro,Pasajeros transportados,Ciudad de M√©xico,"	999",116460800
1993,"	01",Sistema de Transporte Colectivo Metro,Pasajeros transportados,Ciudad de M√©xico,"	999",116076400
1993,"	02",Sistema de Transporte Colectivo Metro,Pasajeros transportados,Ciudad de M√©xico,"	999",110513200
1993,"	03",Sistema de Transporte Colectivo Metro,Pasajeros transportados,Ciudad de M√©xico,"	999",125323700
1993,"	04",Sistema de Transporte Colectivo Metro,Pasajeros transportados,Ciudad de M√©xico,"	999",109461000
1993,"	05",Sistema de Transporte Colectivo Metro,Pasajeros transportados,Ciudad de M√©xico,"	999",119545300
1993,"	06",Sistema de Transporte Colectivo Metro,Pasajeros transportados,Ciudad de M√©xico,"	999",119856000
1993,"	07",Sistema de Transporte Colectivo Metro,Pasajeros transportados,Ciudad de M√©xico,"	999",121027100
1993,"	08",Sistema de Transporte Colectivo Metro,Pasajeros transportados,Ciudad de M√©xico,"	999",120791500
1993,"	09",Sistema de Transporte Colectivo Metro,Pasajeros transportados,Ciudad de M√©xico,"	999",117708000
1993,"	10",Sistema de Transporte Colectivo Metro,Pasajeros transportados,Ciudad de M√©xico,"	999",124601400
1993,"	11",Sistema de Transporte Colectivo Metro,Pasajeros transportados,Ciudad de M√©xico,"	999",119004000
1993,"	12",Sistema de Transporte Colectivo Metro,Pasajeros transportados,Ciudad de M√©xico,"	999",117651200
1994,"	01",Sistema de Transporte Colectivo Metro,Pasajeros transportados,Ciudad de M√©xico,"	999",117251300
1994,"	02",Sistema de Transporte Colectivo Metro,Pasajeros transportados,Ciudad de M√©xico,"	999",110331200
1994,"	03",Sistema de Transporte Colectivo Metro,Pasajeros transportados,Ciudad de M√©xico,"	999",119136100
1994,"	04",Sistema de Transporte Colectivo Metro,Pasajeros transportados,Ciudad de M√©xico,"	999",104025000
1994,"	05",Sistema de Transporte Colectivo Metro,Pasajeros transportados,Ciudad de M√©xico,"	999",120611700
1994,"	06",Sistema de Transporte Colectivo Metro,Pasajeros transportados,Ciudad de M√©xico,"	999",117696000
1994,"	07",Sistema de Transporte Colectivo Metro,Pasajeros transportados,Ciudad de M√©xico,"	999",117902300
1994,"	08",Sistema de Transporte Colectivo Metro,Pasajeros transportados,Ciudad de M√©xico,"	999",123671400
1994,"	09",Sistema de Transporte Colectivo Metro,Pasajeros transportados,Ciudad de M√©xico,"	999",119850000
1994,"	10",Sistema de Transporte Colectivo Metro,Pasajeros transportados,Ciudad de M√©xico,"	999",126039800
1994,"	11",Sistema de Transporte Colectivo Metro,Pasajeros transportados,Ciudad de M√©xico,"	999",122022000
1994,"	12",Sistema de Transporte Colectivo Metro,Pasajeros transportados,Ciudad de M√©xico,"	999",115140200
1995,"	01",Sistema de Transporte Colectivo Metro,Pasajeros transportados,Ciudad de M√©xico,"	999",121405300
1995,"	02",Sistema de Transporte Colectivo Metro,Pasajeros transportados,Ciudad de M√©xico,"	999",111837600
1995,"	03",Sistema de Transporte Colectivo Metro,Pasajeros transportados,Ciudad de M√©xico,"	999",126957400
1995,"	04",Sistema de Transporte Colectivo Metro,Pasajeros transportados,Ciudad de M√©xico,"	999",112482000
1995,"	05",Sistema de Transporte Colectivo Metro,Pasajeros transportados,Ciudad de M√©xico,"	999",126173100
1995,"	06",Sistema de Transporte Colectivo Metro,Pasajeros transportados,Ciudad de M√©xico,"	999",124500000
1995,"	07",Sistema de Transporte Colectivo Metro,Pasajeros transportados,Ciudad de M√©xico,"	999",122580200
1995,"	08",Sistema de Transporte Colectivo Metro,Pasajeros transportados,Ciudad de M√©xico,"	999",128501200
1995,"	09",Sistema de Transporte Colectivo Metro,Pasajeros transportados,Ciudad de M√©xico,"	999",126201000
1995,"	10",Sistema de Transporte Colectivo Metro,Pasajeros transportados,Ciudad de M√©xico,"	999",131700400
1995,"	11",Sistema de Transporte Colectivo Metro,Pasajeros transportados,Ciudad de M√©xico,"	999",123600000
1995,"	12",Sistema de Transporte Colectivo Metro,Pasajeros transportados,Ciudad de M√©xico,"	999",118001500
1996,"	01",Sistema de Transporte Colectivo Metro,Pasajeros transportados,Ciudad de M√©xico,"	999",121101500
1996,"	02",Sistema de Transporte Colectivo Metro,Pasajeros transportados,Ciudad de M√©xico,"	999",114799400
1996,"	03",Sistema de Transporte Colectivo Metro,Pasajeros transportados,Ciudad de M√©xico,"	999",121399100
1996,"	04",Sistema de Transporte Colectivo Metro,Pasajeros transportados,Ciudad de M√©xico,"	999",110301000
1996,"	05",Sistema de Transporte Colectivo Metro,Pasajeros transportados,Ciudad de M√©xico,"	999",122499600
1996,"	06",Sistema de Transporte Colectivo Metro,Pasajeros transportados,Ciudad de M√©xico,"	999",116199000
1996,"	07",Sistema de Transporte Colectivo Metro,Pasajeros transportados,Ciudad de M√©xico,"	999",120001000
1996,"	08",Sistema de Transporte Colectivo Metro,Pasajeros transportados,Ciudad de M√©xico,"	999",121501400
1996,"	09",Sistema de Transporte Colectivo Metro,Pasajeros transportados,Ciudad de M√©xico,"	999",117300000
1996,"	10",Sistema de Transporte Colectivo Metro,Pasajeros transportados,Ciudad de M√©xico,"	999",127301500
1996,"	11",Sistema de Transporte Colectivo Metro,Pasajeros transportados,Ciudad de M√©xico,"	999",119100000
1996,"	12",Sistema de Transporte Colectivo Metro,Pasajeros transportados,Ciudad de M√©xico,"	999",114098600
1997,"	01",Sistema de Transporte Colectivo Metro,Pasajeros transportados,Ciudad de M√©xico,"	999",113599500
1997,"	02",Sistema de Transporte Colectivo Metro,Pasajeros transportados,Ciudad de M√©xico,"	999",106299200
1997,"	03",Sistema de Transporte Colectivo Metro,Pasajeros transportados,Ciudad de M√©xico,"	999",107898600
1997,"	04",Sistema de Transporte Colectivo Metro,Pasajeros transportados,Ciudad de M√©xico,"	999",115599000
1997,"	05",Sistema de Transporte Colectivo Metro,Pasajeros transportados,Ciudad de M√©xico,"	999",114300100
1997,"	06",Sistema de Transporte Colectivo Metro,Pasajeros transportados,Ciudad de M√©xico,"	999",111099000
1997,"	07",Sistema de Transporte Colectivo Metro,Pasajeros transportados,Ciudad de M√©xico,"	999",114101700
1997,"	08",Sistema de Transporte Colectivo Metro,Pasajeros transportados,Ciudad de M√©xico,"	999",115199100
1997,"	09",Sistema de Transporte Colectivo Metro,Pasajeros transportados,Ciudad de M√©xico,"	999",113199000
1997,"	10",Sistema de Transporte Colectivo Metro,Pasajeros transportados,Ciudad de M√©xico,"	999",123398600
1997,"	11",Sistema de Transporte Colectivo Metro,Pasajeros transportados,Ciudad de M√©xico,"	999",114000000
1997,"	12",Sistema de Transporte Colectivo Metro,Pasajeros transportados,Ciudad de M√©xico,"	999",112799700
1998,"	01",Sistema de Transporte Colectivo Metro,Pasajeros transportados,Ciudad de M√©xico,"	999",111699200
1998,"	02",Sistema de Transporte Colectivo Metro,Pasajeros transportados,Ciudad de M√©xico,"	999",105198800
1998,"	03",Sistema de Transporte Colectivo Metro,Pasajeros transportados,Ciudad de M√©xico,"	999",118401400
1998,"	04",Sistema de Transporte Colectivo Metro,Pasajeros transportados,Ciudad de M√©xico,"	999",105900000
1998,"	05",Sistema de Transporte Colectivo Metro,Pasajeros transportados,Ciudad de M√©xico,"	999",111801500
1998,"	06",Sistema de Transporte Colectivo Metro,Pasajeros transportados,Ciudad de M√©xico,"	999",112401000
1998,"	07",Sistema de Transporte Colectivo Metro,Pasajeros transportados,Ciudad de M√©xico,"	999",112399800
1998,"	08",Sistema de Transporte Colectivo Metro,Pasajeros transportados,Ciudad de M√©xico,"	999",114700000
1998,"	09",Sistema de Transporte Colectivo Metro,Pasajeros transportados,Ciudad de M√©xico,"	999",110400000
1998,"	10",Sistema de Transporte Colectivo Metro,Pasajeros transportados,Ciudad de M√©xico,"	999",118801300
1998,"	11",Sistema de Transporte Colectivo Metro,Pasajeros transportados,Ciudad de M√©xico,"	999",109800000
1998,"	12",Sistema de Transporte Colectivo Metro,Pasajeros transportados,Ciudad de M√©xico,"	999",111999900
1999,"	01",Sistema de Transporte Colectivo Metro,Pasajeros transportados,Ciudad de M√©xico,"	999",106100600
1999,"	02",Sistema de Transporte Colectivo Metro,Pasajeros transportados,Ciudad de M√©xico,"	999",101200400
1999,"	03",Sistema de Transporte Colectivo Metro,Pasajeros transportados,Ciudad de M√©xico,"	999",114498500
1999,"	04",Sistema de Transporte Colectivo Metro,Pasajeros transportados,Ciudad de M√©xico,"	999",101700000
1999,"	05",Sistema de Transporte Colectivo Metro,Pasajeros transportados,Ciudad de M√©xico,"	999",105601500
1999,"	06",Sistema de Transporte Colectivo Metro,Pasajeros transportados,Ciudad de M√©xico,"	999",104100000
1999,"	07",Sistema de Transporte Colectivo Metro,Pasajeros transportados,Ciudad de M√©xico,"	999",102901400
1999,"	08",Sistema de Transporte Colectivo Metro,Pasajeros transportados,Ciudad de M√©xico,"	999",108298500
1999,"	09",Sistema de Transporte Colectivo Metro,Pasajeros transportados,Ciudad de M√©xico,"	999",103101000
1999,"	10",Sistema de Transporte Colectivo Metro,Pasajeros transportados,Ciudad de M√©xico,"	999",110800200
1999,"	11",Sistema de Transporte Colectivo Metro,Pasajeros transportados,Ciudad de M√©xico,"	999",107001000
1999,"	12",Sistema de Transporte Colectivo Metro,Pasajeros transportados,Ciudad de M√©xico,"	999",107799400
2000,"	01",Sistema de Transporte Colectivo Metro,Pasajeros transportados,Ciudad de M√©xico,"	999",112300600
2000,"	02",Sistema de Transporte Colectivo Metro,Pasajeros transportados,Ciudad de M√©xico,"	999",112201000
2000,"	03",Sistema de Transporte Colectivo Metro,Pasajeros transportados,Ciudad de M√©xico,"	999",121101500
2000,"	04",Sistema de Transporte Colectivo Metro,Pasajeros transportados,Ciudad de M√©xico,"	999",106101000
2000,"	05",Sistema de Transporte Colectivo Metro,Pasajeros transportados,Ciudad de M√©xico,"	999",118299100
2000,"	06",Sistema de Transporte Colectivo Metro,Pasajeros transportados,Ciudad de M√©xico,"	999",117999000
2000,"	07",Sistema de Transporte Colectivo Metro,Pasajeros transportados,Ciudad de M√©xico,"	999",114799200
2000,"	08",Sistema de Transporte Colectivo Metro,Pasajeros transportados,Ciudad de M√©xico,"	999",121799000
2000,"	09",Sistema de Transporte Colectivo Metro,Pasajeros transportados,Ciudad de M√©xico,"	999",116901000
2000,"	10",Sistema de Transporte Colectivo Metro,Pasajeros transportados,Ciudad de M√©xico,"	999",122000500
2000,"	11",Sistema de Transporte Colectivo Metro,Pasajeros transportados,Ciudad de M√©xico,"	999",114801000
2000,"	12",Sistema de Transporte Colectivo Metro,Pasajeros transportados,Ciudad de M√©xico,"	999",114399300
2001,"	01",Sistema de Transporte Colectivo Metro,Pasajeros transportados,Ciudad de M√©xico,"	999",117899200
2001,"	02",Sistema de Transporte Colectivo Metro,Pasajeros transportados,Ciudad de M√©xico,"	999",110098800
2001,"	03",Sistema de Transporte Colectivo Metro,Pasajeros transportados,Ciudad de M√©xico,"	999",122800300
2001,"	04",Sistema de Transporte Colectivo Metro,Pasajeros transportados,Ciudad de M√©xico,"	999",108798000
2001,"	05",Sistema de Transporte Colectivo Metro,Pasajeros transportados,Ciudad de M√©xico,"	999",122000500
2001,"	06",Sistema de Transporte Colectivo Metro,Pasajeros transportados,Ciudad de M√©xico,"	999",119400000
2001,"	07",Sistema de Transporte Colectivo Metro,Pasajeros transportados,Ciudad de M√©xico,"	999",119799500
2001,"	08",Sistema de Transporte Colectivo Metro,Pasajeros transportados,Ciudad de M√©xico,"	999",125999500
2001,"	09",Sistema de Transporte Colectivo Metro,Pasajeros transportados,Ciudad de M√©xico,"	999",118701000
2001,"	10",Sistema de Transporte Colectivo Metro,Pasajeros transportados,Ciudad de M√©xico,"	999",128299700
2001,"	11",Sistema de Transporte Colectivo Metro,Pasajeros transportados,Ciudad de M√©xico,"	999",120900000
2001,"	12",Sistema de Transporte Colectivo Metro,Pasajeros transportados,Ciudad de M√©xico,"	999",118999700
2002,"	01",Sistema de Transporte Colectivo Metro,Pasajeros transportados,Ciudad de M√©xico,"	999",120001000
2002,"	02",Sistema de Transporte Colectivo Metro,Pasajeros transportados,Ciudad de M√©xico,"	999",111000400
2002,"	03",Sistema de Transporte Colectivo Metro,Pasajeros transportados,Ciudad de M√©xico,"	999",111999900
2002,"	04",Sistema de Transporte Colectivo Metro,Pasajeros transportados,Ciudad de M√©xico,"	999",119400000
2002,"	05",Sistema de Transporte Colectivo Metro,Pasajeros transportados,Ciudad de M√©xico,"	999",120001000
2002,"	06",Sistema de Transporte Colectivo Metro,Pasajeros transportados,Ciudad de M√©xico,"	999",114000000
2002,"	07",Sistema de Transporte Colectivo Metro,Pasajeros transportados,Ciudad de M√©xico,"	999",118999700
2002,"	08",Sistema de Transporte Colectivo Metro,Pasajeros transportados,Ciudad de M√©xico,"	999",120001000
2002,"	09",Sistema de Transporte Colectivo Metro,Pasajeros transportados,Ciudad de M√©xico,"	999",111000000
2002,"	10",Sistema de Transporte Colectivo Metro,Pasajeros transportados,Ciudad de M√©xico,"	999",122998700
2002,"	11",Sistema de Transporte Colectivo Metro,Pasajeros transportados,Ciudad de M√©xico,"	999",114600000
2002,"	12",Sistema de Transporte Colectivo Metro,Pasajeros transportados,Ciudad de M√©xico,"	999",111699200
2003,"	01",Sistema de Transporte Colectivo Metro,Pasajeros transportados,Ciudad de M√©xico,"	999",109400000
2003,"	02",Sistema de Transporte Colectivo Metro,Pasajeros transportados,Ciudad de M√©xico,"	999",103700000
2003,"	03",Sistema de Transporte Colectivo Metro,Pasajeros transportados,Ciudad de M√©xico,"	999",113500000
2003,"	04",Sistema de Transporte Colectivo Metro,Pasajeros transportados,Ciudad de M√©xico,"	999",107700000
2003,"	05",Sistema de Transporte Colectivo Metro,Pasajeros transportados,Ciudad de M√©xico,"	999",114200000
2003,"	06",Sistema de Transporte Colectivo Metro,Pasajeros transportados,Ciudad de M√©xico,"	999",111600000
2003,"	07",Sistema de Transporte Colectivo Metro,Pasajeros transportados,Ciudad de M√©xico,"	999",112600000
2003,"	08",Sistema de Transporte Colectivo Metro,Pasajeros transportados,Ciudad de M√©xico,"	999",119700000
2003,"	09",Sistema de Transporte Colectivo Metro,Pasajeros transportados,Ciudad de M√©xico,"	999",117658000
2003,"	10",Sistema de Transporte Colectivo Metro,Pasajeros transportados,Ciudad de M√©xico,"	999",128322000
2003,"	11",Sistema de Transporte Colectivo Metro,Pasajeros transportados,Ciudad de M√©xico,"	999",119525000
2003,"	12",Sistema de Transporte Colectivo Metro,Pasajeros transportados,Ciudad de M√©xico,"	999",118117000
2004,"	01",Sistema de Transporte Colectivo Metro,Pasajeros transportados,Ciudad de M√©xico,"	999",115460000
2004,"	02",Sistema de Transporte Colectivo Metro,Pasajeros transportados,Ciudad de M√©xico,"	999",113779000
2004,"	03",Sistema de Transporte Colectivo Metro,Pasajeros transportados,Ciudad de M√©xico,"	999",127803000
2004,"	04",Sistema de Transporte Colectivo Metro,Pasajeros transportados,Ciudad de M√©xico,"	999",112568000
2004,"	05",Sistema de Transporte Colectivo Metro,Pasajeros transportados,Ciudad de M√©xico,"	999",120642000
2004,"	06",Sistema de Transporte Colectivo Metro,Pasajeros transportados,Ciudad de M√©xico,"	999",119099000
2004,"	07",Sistema de Transporte Colectivo Metro,Pasajeros transportados,Ciudad de M√©xico,"	999",118296000
2004,"	08",Sistema de Transporte Colectivo Metro,Pasajeros transportados,Ciudad de M√©xico,"	999",124440000
2004,"	09",Sistema de Transporte Colectivo Metro,Pasajeros transportados,Ciudad de M√©xico,"	999",119495000
2004,"	10",Sistema de Transporte Colectivo Metro,Pasajeros transportados,Ciudad de M√©xico,"	999",127116000
2004,"	11",Sistema de Transporte Colectivo Metro,Pasajeros transportados,Ciudad de M√©xico,"	999",122797000
2004,"	12",Sistema de Transporte Colectivo Metro,Pasajeros transportados,Ciudad de M√©xico,"	999",120163000
2005,"	01",Sistema de Transporte Colectivo Metro,Pasajeros transportados,Ciudad de M√©xico,"	999",116970000
2005,"	02",Sistema de Transporte Colectivo Metro,Pasajeros transportados,Ciudad de M√©xico,"	999",113979000
2005,"	03",Sistema de Transporte Colectivo Metro,Pasajeros transportados,Ciudad de M√©xico,"	999",116682000
2005,"	04",Sistema de Transporte Colectivo Metro,Pasajeros transportados,Ciudad de M√©xico,"	999",122244000
2005,"	05",Sistema de Transporte Colectivo Metro,Pasajeros transportados,Ciudad de M√©xico,"	999",121753000
2005,"	06",Sistema de Transporte Colectivo Metro,Pasajeros transportados,Ciudad de M√©xico,"	999",117698000
2005,"	07",Sistema de Transporte Colectivo Metro,Pasajeros transportados,Ciudad de M√©xico,"	999",116014000
2005,"	08",Sistema de Transporte Colectivo Metro,Pasajeros transportados,Ciudad de M√©xico,"	999",124955000
2005,"	09",Sistema de Transporte Colectivo Metro,Pasajeros transportados,Ciudad de M√©xico,"	999",119272000
2005,"	10",Sistema de Transporte Colectivo Metro,Pasajeros transportados,Ciudad de M√©xico,"	999",125982000
2005,"	11",Sistema de Transporte Colectivo Metro,Pasajeros transportados,Ciudad de M√©xico,"	999",123426000
2005,"	12",Sistema de Transporte Colectivo Metro,Pasajeros transportados,Ciudad de M√©xico,"	999",121771000
2006,"	01",Sistema de Transporte Colectivo Metro,Pasajeros transportados,Ciudad de M√©xico,"	999",116100000
2006,"	02",Sistema de Transporte Colectivo Metro,Pasajeros transportados,Ciudad de M√©xico,"	999",110700000
2006,"	03",Sistema de Transporte Colectivo Metro,Pasajeros transportados,Ciudad de M√©xico,"	999",124000000
2006,"	04",Sistema de Transporte Colectivo Metro,Pasajeros transportados,Ciudad de M√©xico,"	999",108200000
2006,"	05",Sistema de Transporte Colectivo Metro,Pasajeros transportados,Ciudad de M√©xico,"	999",120800000
2006,"	06",Sistema de Transporte Colectivo Metro,Pasajeros transportados,Ciudad de M√©xico,"	999",118000000
2006,"	07",Sistema de Transporte Colectivo Metro,Pasajeros transportados,Ciudad de M√©xico,"	999",116200000
2006,"	08",Sistema de Transporte Colectivo Metro,Pasajeros transportados,Ciudad de M√©xico,"	999",127700000
2006,"	09",Sistema de Transporte Colectivo Metro,Pasajeros transportados,Ciudad de M√©xico,"	999",120900000
2006,"	10",Sistema de Transporte Colectivo Metro,Pasajeros transportados,Ciudad de M√©xico,"	999",125600000
2006,"	11",Sistema de Transporte Colectivo Metro,Pasajeros transportados,Ciudad de M√©xico,"	999",117800000
2006,"	12",Sistema de Transporte Colectivo Metro,Pasajeros transportados,Ciudad de M√©xico,"	999",112600000
2007,"	01",Sistema de Transporte Colectivo Metro,Pasajeros transportados,Ciudad de M√©xico,"	999",111900000
2007,"	02",Sistema de Transporte Colectivo Metro,Pasajeros transportados,Ciudad de M√©xico,"	999",104600000
2007,"	03",Sistema de Transporte Colectivo Metro,Pasajeros transportados,Ciudad de M√©xico,"	999",115200000
2007,"	04",Sistema de Transporte Colectivo Metro,Pasajeros transportados,Ciudad de M√©xico,"	999",102500000
2007,"	05",Sistema de Transporte Colectivo Metro,Pasajeros transportados,Ciudad de M√©xico,"	999",115300000
2007,"	06",Sistema de Transporte Colectivo Metro,Pasajeros transportados,Ciudad de M√©xico,"	999",112200000
2007,"	07",Sistema de Transporte Colectivo Metro,Pasajeros transportados,Ciudad de M√©xico,"	999",110500000
2007,"	08",Sistema de Transporte Colectivo Metro,Pasajeros transportados,Ciudad de M√©xico,"	999",119100000
2007,"	09",Sistema de Transporte Colectivo Metro,Pasajeros transportados,Ciudad de M√©xico,"	999",112500000
2007,"	10",Sistema de Transporte Colectivo Metro,Pasajeros transportados,Ciudad de M√©xico,"	999",123900000
2007,"	11",Sistema de Transporte Colectivo Metro,Pasajeros transportados,Ciudad de M√©xico,"	999",112400000
2007,"	12",Sistema de Transporte Colectivo Metro,Pasajeros transportados,Ciudad de M√©xico,"	999",111600000
2008,"	01",Sistema de Transporte Colectivo Metro,Pasajeros transportados,Ciudad de M√©xico,"	999",113100000
2008,"	02",Sistema de Transporte Colectivo Metro,Pasajeros transportados,Ciudad de M√©xico,"	999",113800000
2008,"	03",Sistema de Transporte Colectivo Metro,Pasajeros transportados,Ciudad de M√©xico,"	999",111500000
2008,"	04",Sistema de Transporte Colectivo Metro,Pasajeros transportados,Ciudad de M√©xico,"	999",119700000
2008,"	05",Sistema de Transporte Colectivo Metro,Pasajeros transportados,Ciudad de M√©xico,"	999",119800000
2008,"	06",Sistema de Transporte Colectivo Metro,Pasajeros transportados,Ciudad de M√©xico,"	999",121200000
2008,"	07",Sistema de Transporte Colectivo Metro,Pasajeros transportados,Ciudad de M√©xico,"	999",124900000
2008,"	08",Sistema de Transporte Colectivo Metro,Pasajeros transportados,Ciudad de M√©xico,"	999",130300000
2008,"	09",Sistema de Transporte Colectivo Metro,Pasajeros transportados,Ciudad de M√©xico,"	999",117600000
2008,"	10",Sistema de Transporte Colectivo Metro,Pasajeros transportados,Ciudad de M√©xico,"	999",136200000
2008,"	11",Sistema de Transporte Colectivo Metro,Pasajeros transportados,Ciudad de M√©xico,"	999",126200000
2008,"	12",Sistema de Transporte Colectivo Metro,Pasajeros transportados,Ciudad de M√©xico,"	999",125100000
2009,"	01",Sistema de Transporte Colectivo Metro,Pasajeros transportados,Ciudad de M√©xico,"	999",113100000
2009,"	02",Sistema de Transporte Colectivo Metro,Pasajeros transportados,Ciudad de M√©xico,"	999",110100000
2009,"	03",Sistema de Transporte Colectivo Metro,Pasajeros transportados,Ciudad de M√©xico,"	999",123700000
2009,"	04",Sistema de Transporte Colectivo Metro,Pasajeros transportados,Ciudad de M√©xico,"	999",105800000
2009,"	05",Sistema de Transporte Colectivo Metro,Pasajeros transportados,Ciudad de M√©xico,"	999",109100000
2009,"	06",Sistema de Transporte Colectivo Metro,Pasajeros transportados,Ciudad de M√©xico,"	999",121000000
2009,"	07",Sistema de Transporte Colectivo Metro,Pasajeros transportados,Ciudad de M√©xico,"	999",120100000
2009,"	08",Sistema de Transporte Colectivo Metro,Pasajeros transportados,Ciudad de M√©xico,"	999",125600000
2009,"	09",Sistema de Transporte Colectivo Metro,Pasajeros transportados,Ciudad de M√©xico,"	999",119800000
2009,"	10",Sistema de Transporte Colectivo Metro,Pasajeros transportados,Ciudad de M√©xico,"	999",128000000
2009,"	11",Sistema de Transporte Colectivo Metro,Pasajeros transportados,Ciudad de M√©xico,"	999",118500000
2009,"	12",Sistema de Transporte Colectivo Metro,Pasajeros transportados,Ciudad de M√©xico,"	999",119500000
2010,"	01",Sistema de Transporte Colectivo Metro,Pasajeros transportados,Ciudad de M√©xico,"	999",112280000
2010,"	02",Sistema de Transporte Colectivo Metro,Pasajeros transportados,Ciudad de M√©xico,"	999",109140000
2010,"	03",Sistema de Transporte Colectivo Metro,Pasajeros transportados,Ciudad de M√©xico,"	999",121180000
2010,"	04",Sistema de Transporte Colectivo Metro,Pasajeros transportados,Ciudad de M√©xico,"	999",112910000
2010,"	05",Sistema de Transporte Colectivo Metro,Pasajeros transportados,Ciudad de M√©xico,"	999",117310000
2010,"	06",Sistema de Transporte Colectivo Metro,Pasajeros transportados,Ciudad de M√©xico,"	999",114230000
2010,"	07",Sistema de Transporte Colectivo Metro,Pasajeros transportados,Ciudad de M√©xico,"	999",114200000
2010,"	08",Sistema de Transporte Colectivo Metro,Pasajeros transportados,Ciudad de M√©xico,"	999",121730000
2010,"	09",Sistema de Transporte Colectivo Metro,Pasajeros transportados,Ciudad de M√©xico,"	999",117060000
2010,"	10",Sistema de Transporte Colectivo Metro,Pasajeros transportados,Ciudad de M√©xico,"	999",125860000
2010,"	11",Sistema de Transporte Colectivo Metro,Pasajeros transportados,Ciudad de M√©xico,"	999",122600000
2010,"	12",Sistema de Transporte Colectivo Metro,Pasajeros transportados,Ciudad de M√©xico,"	999",121660000
2011,"	01",Sistema de Transporte Colectivo Metro,Pasajeros transportados,Ciudad de M√©xico,"	999",126949629
2011,"	02",Sistema de Transporte Colectivo Metro,Pasajeros transportados,Ciudad de M√©xico,"	999",121286656
2011,"	03",Sistema de Transporte Colectivo Metro,Pasajeros transportados,Ciudad de M√©xico,"	999",135357161
2011,"	04",Sistema de Transporte Colectivo Metro,Pasajeros transportados,Ciudad de M√©xico,"	999",118293897
2011,"	05",Sistema de Transporte Colectivo Metro,Pasajeros transportados,Ciudad de M√©xico,"	999",126846642
2011,"	06",Sistema de Transporte Colectivo Metro,Pasajeros transportados,Ciudad de M√©xico,"	999",130443037
2011,"	07",Sistema de Transporte Colectivo Metro,Pasajeros transportados,Ciudad de M√©xico,"	999",132445021
2011,"	08",Sistema de Transporte Colectivo Metro,Pasajeros transportados,Ciudad de M√©xico,"	999",138450287
2011,"	09",Sistema de Transporte Colectivo Metro,Pasajeros transportados,Ciudad de M√©xico,"	999",137010073
2011,"	10",Sistema de Transporte Colectivo Metro,Pasajeros transportados,Ciudad de M√©xico,"	999",146379009
2011,"	11",Sistema de Transporte Colectivo Metro,Pasajeros transportados,Ciudad de M√©xico,"	999",138780007
2011,"	12",Sistema de Transporte Colectivo Metro,Pasajeros transportados,Ciudad de M√©xico,"	999",142662478
2012,"	01",Sistema de Transporte Colectivo Metro,Pasajeros transportados,Ciudad de M√©xico,"	999",131626763
2012,"	02",Sistema de Transporte Colectivo Metro,Pasajeros transportados,Ciudad de M√©xico,"	999",129519690
2012,"	03",Sistema de Transporte Colectivo Metro,Pasajeros transportados,Ciudad de M√©xico,"	999",138511340
2012,"	04",Sistema de Transporte Colectivo Metro,Pasajeros transportados,Ciudad de M√©xico,"	999",123972086
2012,"	05",Sistema de Transporte Colectivo Metro,Pasajeros transportados,Ciudad de M√©xico,"	999",138428577
2012,"	06",Sistema de Transporte Colectivo Metro,Pasajeros transportados,Ciudad de M√©xico,"	999",126015688
2012,"	07",Sistema de Transporte Colectivo Metro,Pasajeros transportados,Ciudad de M√©xico,"	999",129284798
2012,"	08",Sistema de Transporte Colectivo Metro,Pasajeros transportados,Ciudad de M√©xico,"	999",140029883
2012,"	09",Sistema de Transporte Colectivo Metro,Pasajeros transportados,Ciudad de M√©xico,"	999",135165562
2012,"	10",Sistema de Transporte Colectivo Metro,Pasajeros transportados,Ciudad de M√©xico,"	999",144724993
2012,"	11",Sistema de Transporte Colectivo Metro,Pasajeros transportados,Ciudad de M√©xico,"	999",138570932
2012,"	12",Sistema de Transporte Colectivo Metro,Pasajeros transportados,Ciudad de M√©xico,"	999",133014865
2013,"	01",Sistema de Transporte Colectivo Metro,Pasajeros transportados,Ciudad de M√©xico,"	999",135849122
2013,"	02",Sistema de Transporte Colectivo Metro,Pasajeros transportados,Ciudad de M√©xico,"	999",130004980
2013,"	03",Sistema de Transporte Colectivo Metro,Pasajeros transportados,Ciudad de M√©xico,"	999",133271205
2013,"	04",Sistema de Transporte Colectivo Metro,Pasajeros transportados,Ciudad de M√©xico,"	999",141224389
2013,"	05",Sistema de Transporte Colectivo Metro,Pasajeros transportados,Ciudad de M√©xico,"	999",143134477
2013,"	06",Sistema de Transporte Colectivo Metro,Pasajeros transportados,Ciudad de M√©xico,"	999",135729933
2013,"	07",Sistema de Transporte Colectivo Metro,Pasajeros transportados,Ciudad de M√©xico,"	999",138573850
2013,"	08",Sistema de Transporte Colectivo Metro,Pasajeros transportados,Ciudad de M√©xico,"	999",151186639
2013,"	09",Sistema de Transporte Colectivo Metro,Pasajeros transportados,Ciudad de M√©xico,"	999",140521822
2013,"	10",Sistema de Transporte Colectivo Metro,Pasajeros transportados,Ciudad de M√©xico,"	999",154718101
2013,"	11",Sistema de Transporte Colectivo Metro,Pasajeros transportados,Ciudad de M√©xico,"	999",148355403
2013,"	12",Sistema de Transporte Colectivo Metro,Pasajeros transportados,Ciudad de M√©xico,"	999",132366697
2014,"	01",Sistema de Transporte Colectivo Metro,Pasajeros transportados,Ciudad de M√©xico,"	999",130734223
2014,"	02",Sistema de Transporte Colectivo Metro,Pasajeros transportados,Ciudad de M√©xico,"	999",124017583
2014,"	03",Sistema de Transporte Colectivo Metro,Pasajeros transportados,Ciudad de M√©xico,"	999",133050287
2014,"	04",Sistema de Transporte Colectivo Metro,Pasajeros transportados,Ciudad de M√©xico,"	999",122020644
2014,"	05",Sistema de Transporte Colectivo Metro,Pasajeros transportados,Ciudad de M√©xico,"	999",131771064
2014,"	06",Sistema de Transporte Colectivo Metro,Pasajeros transportados,Ciudad de M√©xico,"	999",124493065
2014,"	07",Sistema de Transporte Colectivo Metro,Pasajeros transportados,Ciudad de M√©xico,"	999",129026208
2014,"	08",Sistema de Transporte Colectivo Metro,Pasajeros transportados,Ciudad de M√©xico,"	999",135706107
2014,"	09",Sistema de Transporte Colectivo Metro,Pasajeros transportados,Ciudad de M√©xico,"	999",134203893
2014,"	10",Sistema de Transporte Colectivo Metro,Pasajeros transportados,Ciudad de M√©xico,"	999",139012825
2014,"	11",Sistema de Transporte Colectivo Metro,Pasajeros transportados,Ciudad de M√©xico,"	999",128634042
2014,"	12",Sistema de Transporte Colectivo Metro,Pasajeros transportados,Ciudad de M√©xico,"	999",128716310
2015,"	01",Sistema de Transporte Colectivo Metro,Pasajeros transportados,Ciudad de M√©xico,"	999",129989450
2015,"	02",Sistema de Transporte Colectivo Metro,Pasajeros transportados,Ciudad de M√©xico,"	999",123072390
2015,"	03",Sistema de Transporte Colectivo Metro,Pasajeros transportados,Ciudad de M√©xico,"	999",132978417
2015,"	04",Sistema de Transporte Colectivo Metro,Pasajeros transportados,Ciudad de M√©xico,"	999",124618000
2015,"	05",Sistema de Transporte Colectivo Metro,Pasajeros transportados,Ciudad de M√©xico,"	999",130978573
2015,"	06",Sistema de Transporte Colectivo Metro,Pasajeros transportados,Ciudad de M√©xico,"	999",128775998
2015,"	07",Sistema de Transporte Colectivo Metro,Pasajeros transportados,Ciudad de M√©xico,"	999",128723454
2015,"	08",Sistema de Transporte Colectivo Metro,Pasajeros transportados,Ciudad de M√©xico,"	999",131253277
2015,"	09",Sistema de Transporte Colectivo Metro,Pasajeros transportados,Ciudad de M√©xico,"	999",129265510
2015,"	10",Sistema de Transporte Colectivo Metro,Pasajeros transportados,Ciudad de M√©xico,"	999",140416199
2015,"	11",Sistema de Transporte Colectivo Metro,Pasajeros transportados,Ciudad de M√©xico,"	999",131738799
2015,"	12",Sistema de Transporte Colectivo Metro,Pasajeros transportados,Ciudad de M√©xico,"	999",133780233
2016,"	01",Sistema de Transporte Colectivo Metro,Pasajeros transportados,Ciudad de M√©xico,"	999",128160629
2016,"	02",Sistema de Transporte Colectivo Metro,Pasajeros transportados,Ciudad de M√©xico,"	999",129679830
2016,"	03",Sistema de Transporte Colectivo Metro,Pasajeros transportados,Ciudad de M√©xico,"	999",119567936
2016,"	04",Sistema de Transporte Colectivo Metro,Pasajeros transportados,Ciudad de M√©xico,"	999",137472566
2016,"	05",Sistema de Transporte Colectivo Metro,Pasajeros transportados,Ciudad de M√©xico,"	999",137132443
2016,"	06",Sistema de Transporte Colectivo Metro,Pasajeros transportados,Ciudad de M√©xico,"	999",135413611
2016,"	07",Sistema de Transporte Colectivo Metro,Pasajeros transportados,Ciudad de M√©xico,"	999",127034956
2016,"	08",Sistema de Transporte Colectivo Metro,Pasajeros transportados,Ciudad de M√©xico,"	999",141802670
2016,"	09",Sistema de Transporte Colectivo Metro,Pasajeros transportados,Ciudad de M√©xico,"	999",134418053
2016,"	10",Sistema de Transporte Colectivo Metro,Pasajeros transportados,Ciudad de M√©xico,"	999",142623216
2016,"	11",Sistema de Transporte Colectivo Metro,Pasajeros transportados,Ciudad de M√©xico,"	999",136582758
2016,"	12",Sistema de Transporte Colectivo Metro,Pasajeros transportados,Ciudad de M√©xico,"	999",135959484
2017,"	01",Sistema de Transporte Colectivo Metro,Pasajeros transportados,Ciudad de M√©xico,"	999",130574458
2017,"	02",Sistema de Transporte Colectivo Metro,Pasajeros transportados,Ciudad de M√©xico,"	999",125620518
2017,"	03",Sistema de Transporte Colectivo Metro,Pasajeros transportados,Ciudad de M√©xico,"	999",141308427
2017,"	04",Sistema de Transporte Colectivo Metro,Pasajeros transportados,Ciudad de M√©xico,"	999",123329628
2017,"	05",Sistema de Transporte Colectivo Metro,Pasajeros transportados,Ciudad de M√©xico,"	999",136391647
2017,"	06",Sistema de Transporte Colectivo Metro,Pasajeros transportados,Ciudad de M√©xico,"	999",133205374
2017,"	07",Sistema de Transporte Colectivo Metro,Pasajeros transportados,Ciudad de M√©xico,"	999",129285245
2017,"	08",Sistema de Transporte Colectivo Metro,Pasajeros transportados,Ciudad de M√©xico,"	999",140396164
2017,"	09",Sistema de Transporte Colectivo Metro,Pasajeros transportados,Ciudad de M√©xico,"	999",92918578
2017,"	10",Sistema de Transporte Colectivo Metro,Pasajeros transportados,Ciudad de M√©xico,"	999",139576734
2017,"	11",Sistema de Transporte Colectivo Metro,Pasajeros transportados,Ciudad de M√©xico,"	999",136873323
2017,"	12",Sistema de Transporte Colectivo Metro,Pasajeros transportados,Ciudad de M√©xico,"	999",131348460
2018,"	01",Sistema de Transporte Colectivo Metro,Pasajeros transportados,Ciudad de M√©xico,"	999",129101237
2018,"	02",Sistema de Transporte Colectivo Metro,Pasajeros transportados,Ciudad de M√©xico,"	999",124688815
2018,"	03",Sistema de Transporte Colectivo Metro,Pasajeros transportados,Ciudad de M√©xico,"	999",131279527
2018,"	04",Sistema de Transporte Colectivo Metro,Pasajeros transportados,Ciudad de M√©xico,"	999",132842715
2018,"	05",Sistema de Transporte Colectivo Metro,Pasajeros transportados,Ciudad de M√©xico,"	999",135992545
2018,"	06",Sistema de Transporte Colectivo Metro,Pasajeros transportados,Ciudad de M√©xico,"	999",130383415
2018,"	07",Sistema de Transporte Colectivo Metro,Pasajeros transportados,Ciudad de M√©xico,"	999",127928143
2018,"	08",Sistema de Transporte Colectivo Metro,Pasajeros transportados,Ciudad de M√©xico,"	999",141099532
2018,"	09",Sistema de Transporte Colectivo Metro,Pasajeros transportados,Ciudad de M√©xico,"	999",132373798
2018,"	10",Sistema de Transporte Colectivo Metro,Pasajeros transportados,Ciudad de M√©xico,"	999",145265315
2018,"	11",Sistema de Transporte Colectivo Metro,Pasajeros transportados,Ciudad de M√©xico,"	999",133448439
2018,"	12",Sistema de Transporte Colectivo Metro,Pasajeros transportados,Ciudad de M√©xico,"	999",127580542
2019,"	01",Sistema de Transporte Colectivo Metro,Pasajeros transportados,Ciudad de M√©xico,"	999",132314549
2019,"	02",Sistema de Transporte Colectivo Metro,Pasajeros transportados,Ciudad de M√©xico,"	999",122689309
2019,"	03",Sistema de Transporte Colectivo Metro,Pasajeros transportados,Ciudad de M√©xico,"	999",134610871
2019,"	04",Sistema de Transporte Colectivo Metro,Pasajeros transportados,Ciudad de M√©xico,"	999",124673744
2019,"	05",Sistema de Transporte Colectivo Metro,Pasajeros transportados,Ciudad de M√©xico,"	999",133937140
2019,"	06",Sistema de Transporte Colectivo Metro,Pasajeros transportados,Ciudad de M√©xico,"	999",128525930
2019,"	07",Sistema de Transporte Colectivo Metro,Pasajeros transportados,Ciudad de M√©xico,"	999",130574919
2019,"	08",Sistema de Transporte Colectivo Metro,Pasajeros transportados,Ciudad de M√©xico,"	999",141373109
2019,"	09",Sistema de Transporte Colectivo Metro,Pasajeros transportados,Ciudad de M√©xico,"	999",131827940
2019,"	10",Sistema de Transporte Colectivo Metro,Pasajeros transportados,Ciudad de M√©xico,"	999",145705452
2019,"	11",Sistema de Transporte Colectivo Metro,Pasajeros transportados,Ciudad de M√©xico,"	999",137998618
2019,"	12",Sistema de Transporte Colectivo Metro,Pasajeros transportados,Ciudad de M√©xico,"	999",130419698
2020,"	01",Sistema de Transporte Colectivo Metro,Pasajeros transportados,Ciudad de M√©xico,"	999",130708973
2020,"	02",Sistema de Transporte Colectivo Metro,Pasajeros transportados,Ciudad de M√©xico,"	999",129069097
2020,"	03",Sistema de Transporte Colectivo Metro,Pasajeros transportados,Ciudad de M√©xico,"	999",107531899
2020,"	04",Sistema de Transporte Colectivo Metro,Pasajeros transportados,Ciudad de M√©xico,"	999",41139457
2020,"	05",Sistema de Transporte Colectivo Metro,Pasajeros transportados,Ciudad de M√©xico,"	999",35899769
2020,"	06",Sistema de Transporte Colectivo Metro,Pasajeros transportados,Ciudad de M√©xico,"	999",44780955
2020,"	07",Sistema de Transporte Colectivo Metro,Pasajeros transportados,Ciudad de M√©xico,"	999",58756521
2020,"	08",Sistema de Transporte Colectivo Metro,Pasajeros transportados,Ciudad de M√©xico,"	999",65016011
2020,"	09",Sistema de Transporte Colectivo Metro,Pasajeros transportados,Ciudad de M√©xico,"	999",66219212
2020,"	10",Sistema de Transporte Colectivo Metro,Pasajeros transportados,Ciudad de M√©xico,"	999",74872132
2020,"	11",Sistema de Transporte Colectivo Metro,Pasajeros transportados,Ciudad de M√©xico,"	999",71089553
2020,"	12",Sistema de Transporte Colectivo Metro,Pasajeros transportados,Ciudad de M√©xico,"	999",69140763
2021,"	01",Sistema de Transporte Colectivo Metro,Pasajeros transportados,Ciudad de M√©xico,"	999",41033642
2021,"	02",Sistema de Transporte Colectivo Metro,Pasajeros transportados,Ciudad de M√©xico,"	999",50436321
2021,"	03",Sistema de Transporte Colectivo Metro,Pasajeros transportados,Ciudad de M√©xico,"	999",65449779
2021,"	04",Sistema de Transporte Colectivo Metro,Pasajeros transportados,Ciudad de M√©xico,"	999",62577359
2021,"	05",Sistema de Transporte Colectivo Metro,Pasajeros transportados,Ciudad de M√©xico,"	999",62689975
2021,"	06",Sistema de Transporte Colectivo Metro,Pasajeros transportados,Ciudad de M√©xico,"	999",63410819
2021,"	07",Sistema de Transporte Colectivo Metro,Pasajeros transportados,Ciudad de M√©xico,"	999",69822069
2021,"	08",Sistema de Transporte Colectivo Metro,Pasajeros transportados,Ciudad de M√©xico,"	999",67964499
2021,"	09",Sistema de Transporte Colectivo Metro,Pasajeros transportados,Ciudad de M√©xico,"	999",70154247
2021,"	10",Sistema de Transporte Colectivo Metro,Pasajeros transportados,Ciudad de M√©xico,"	999",78122952
2021,"	11",Sistema de Transporte Colectivo Metro,Pasajeros transportados,Ciudad de M√©xico,"	999",78483883
2021,"	12",Sistema de Transporte Colectivo Metro,Pasajeros transportados,Ciudad de M√©xico,"	999",84154004
2022,"	01",Sistema de Transporte Colectivo Metro,Pasajeros transportados,Ciudad de M√©xico,"	999",70563670
2022,"	02",Sistema de Transporte Colectivo Metro,Pasajeros transportados,Ciudad de M√©xico,"	999",72052555
2022,"	03",Sistema de Transporte Colectivo Metro,Pasajeros transportados,Ciudad de M√©xico,"	999",88358374
2022,"	04",Sistema de Transporte Colectivo Metro,Pasajeros transportados,Ciudad de M√©xico,"	999",82897274
2022,"	05",Sistema de Transporte Colectivo Metro,Pasajeros transportados,Ciudad de M√©xico,"	999",91245641
2022,"	06",Sistema de Transporte Colectivo Metro,Pasajeros transportados,Ciudad de M√©xico,"	999",88424030
2022,"	07",Sistema de Transporte Colectivo Metro,Pasajeros transportados,Ciudad de M√©xico,"	999",80680662
2022,"	08",Sistema de Transporte Colectivo Metro,Pasajeros transportados,Ciudad de M√©xico,"	999",90184647
2022,"	09",Sistema de Transporte Colectivo Metro,Pasajeros transportados,Ciudad de M√©xico,"	999",88794502
2022,"	10",Sistema de Transporte Colectivo Metro,Pasajeros transportados,Ciudad de M√©xico,"	999",95094480
2022,"	11",Sistema de Transporte Colectivo Metro,Pasajeros transportados,Ciudad de M√©xico,"	999",91831197
2022,"	12",Sistema de Transporte Colectivo Metro,Pasajeros transportados,Ciudad de M√©xico,"	999",89981293
2023,"	01",Sistema de Transporte Colectivo Metro,Pasajeros transportados,Ciudad de M√©xico,"	999",87266174
2023,"	02",Sistema de Transporte Colectivo Metro,Pasajeros transportados,Ciudad de M√©xico,"	999",86696037
2023,"	03",Sistema de Transporte Colectivo Metro,Pasajeros transportados,Ciudad de M√©xico,"	999",99399033
2023,"	04",Sistema de Transporte Colectivo Metro,Pasajeros transportados,Ciudad de M√©xico,"	999",86639757
2023,"	05",Sistema de Transporte Colectivo Metro,Pasajeros transportados,Ciudad de M√©xico,"	999",96485575
2023,"	06",Sistema de Transporte Colectivo Metro,Pasajeros transportados,Ciudad de M√©xico,"	999",92973425
2023,"	07",Sistema de Transporte Colectivo Metro,Pasajeros transportados,Ciudad de M√©xico,"	999",90692404
2023,"	08",Sistema de Transporte Colectivo Metro,Pasajeros transportados,Ciudad de M√©xico,"	999",97667492